N,Approximation,RMS Error,Execution Time
10,3.0418396189294032,0.09975303466038997,2.1696090698242188e-05
100,3.1315929035585537,0.010000249968760815,0.00012421607971191406
1000,3.140592653839794,0.001000000250000642,0.0011010169982910156
10000,3.1414926535900345,0.000099999975976695,0.012491941452026367
